order_id,customer_id,order_date,total_amount,coupon_code
ORD-1001,CUST-107,2026-09-03 03:20:26.077152,1200000,
ORD-1002,CUST-104,2026-09-05 03:20:26.077152,450000,CASHBACK10
ORD-1003,CUST-113,2026-09-19 03:20:26.077152,50000,
ORD-1004,CUST-111,2026-09-07 03:20:26.077152,1200000,GAJIANMEGAMURAH
ORD-1005,CUST-108,2026-09-21 03:20:26.077152,750000,CASHBACK10
ORD-1006,CUST-113,2026-09-09 03:20:26.077152,750000,GAJIANMEGAMURAH
ORD-1007,CUST-105,2026-09-07 03:20:26.077152,120000,DISKON30
ORD-1008,CUST-107,2026-09-18 03:20:26.077152,750000,DISKON30
ORD-1009,CUST-110,2026-09-04 03:20:26.077152,120000,DISKON30
ORD-1010,CUST-103,2026-09-25 03:20:26.077152,50000,CASHBACK10
ORD-1011,CUST-107,2026-09-28 03:20:26.077152,450000,GAJIANMEGAMURAH
ORD-1012,CUST-111,2026-09-14 03:20:26.077152,450000,CASHBACK10
ORD-1013,CUST-111,2026-09-18 03:20:26.077152,450000,
ORD-1014,CUST-108,2026-09-26 03:20:26.077152,750000,DISKON30
ORD-1015,CUST-105,2026-09-09 03:20:26.077152,50000,GAJIANMEGAMURAH
ORD-1016,CUST-104,2026-09-26 03:20:26.077152,750000,
ORD-1017,CUST-108,2026-09-21 03:20:26.077152,750000,DISKON30
ORD-1018,CUST-108,2026-09-02 03:20:26.077152,50000,DISKON30
ORD-1019,CUST-103,2026-09-20 03:20:26.077152,50000,DISKON30
ORD-1020,CUST-106,2026-09-28 03:20:26.077152,50000,DISKON30
ORD-1021,CUST-105,2026-09-15 03:20:26.077152,50000,
ORD-1022,CUST-102,2026-09-28 03:20:26.077152,450000,
ORD-1023,CUST-108,2026-09-07 03:20:26.077152,250000,CASHBACK10
ORD-1024,CUST-112,2026-09-12 03:20:26.077152,250000,
ORD-1025,CUST-114,2026-09-29 03:20:26.077152,50000,
ORD-1026,CUST-106,2026-09-08 03:20:26.077152,250000,DISKON30
ORD-1027,CUST-102,2026-09-15 03:20:26.077152,250000,
ORD-1028,CUST-112,2026-09-03 03:20:26.077152,50000,CASHBACK10
ORD-1029,CUST-105,2026-09-14 03:20:26.077152,250000,
ORD-1030,CUST-101,2026-09-17 03:20:26.077152,750000,
ORD-1031,CUST-112,2026-09-04 03:20:26.077152,120000,GAJIANMEGAMURAH
ORD-1032,CUST-110,2026-09-18 03:20:26.077152,120000,DISKON30
ORD-1033,CUST-106,2026-09-08 03:20:26.077152,50000,DISKON30
ORD-1034,CUST-113,2026-09-04 03:20:26.077152,450000,GAJIANMEGAMURAH
ORD-1035,CUST-112,2026-09-02 03:20:26.077152,50000,
ORD-1036,CUST-109,2026-09-30 03:20:26.077152,450000,
ORD-1037,CUST-101,2026-09-06 03:20:26.077152,120000,DISKON30
ORD-1038,CUST-111,2026-09-22 03:20:26.077152,50000,CASHBACK10
ORD-1039,CUST-111,2026-09-10 03:20:26.077152,1200000,GAJIANMEGAMURAH
ORD-1040,CUST-110,2026-09-04 03:20:26.077152,750000,DISKON30
ORD-1041,CUST-112,2026-09-22 03:20:26.077152,250000,DISKON30
ORD-1042,CUST-112,2026-09-29 03:20:26.077152,450000,GAJIANMEGAMURAH
ORD-1043,CUST-114,2026-09-18 03:20:26.077152,1200000,
ORD-1044,CUST-114,2026-09-26 03:20:26.077152,250000,GAJIANMEGAMURAH
ORD-1045,CUST-114,2026-09-12 03:20:26.077152,250000,CASHBACK10
ORD-1046,CUST-103,2026-09-02 03:20:26.077152,50000,
ORD-1047,CUST-112,2026-09-10 03:20:26.077152,250000,GAJIANMEGAMURAH
ORD-1048,CUST-107,2026-09-30 03:20:26.077152,750000,
ORD-1049,CUST-104,2026-09-04 03:20:26.077152,1200000,
ORD-1050,CUST-109,2026-09-14 03:20:26.077152,250000,DISKON30
